id,result,description
0,1,0.06450822039133096
1,5,0.01960627400768246
2,10,0.019331493995101656
3,25,0.030770138774839875
4,50,0.07006643276199241
5,100,0.05029806976565107
6,250,0.027708997365424943
7,1000,0.030472004226028578
8,2500,0.03046833950037716
9,5000,0.008228615968664359
