id,result,description
0,1,0.023199764018348522
1,5,0.02007915421233256
2,10,0.021802204514534802
3,25,0.03424730609196629
4,50,0.031314918311822336
5,100,0.027458597234886757
6,250,0.030141312910153383
7,1000,0.029641354314205105
8,2500,0.029626661986895734
9,5000,0.0343134593733316
