id,result,description
0,1,0.044559027864279004
1,5,0.030976578274330327
2,10,0.03250495558329051
3,25,0.03207182212496581
4,50,0.03380978048735154
5,100,0.04260069325529022
6,250,0.04027503500034898
7,1000,0.036912199226044565
8,2500,0.039380625399157404
9,5000,0.0070542911416841304
