id,result,description
0,1,0.04010390594512368
1,5,0.03267294861289945
2,10,0.02684893784421715
3,25,0.03423049666332014
4,50,0.031330467339509276
5,100,0.03954068344012085
6,250,0.039352042436574496
7,1000,0.03781984144844408
8,2500,0.003893910474819442
9,5000,0.005915951984450146
