id,result,description
0,1,0.0
1,5,0.1903179190751445
2,10,0.1025556911809582
3,25,0.07905671017930302
4,50,0.155327277903805
5,100,0.14907725410683992
6,250,0.13497770844568263
7,1000,0.09183552361283444
8,2500,0.1036739181902758
9,5000,0.07321174700406938
