id,result,description
0,1,0.02719615538671433
1,5,0.020072931930198483
2,10,0.022124228774745448
3,25,0.025994721656862965
4,50,0.0778053235908142
5,100,0.0301146033011318
6,250,0.029381986809940457
7,1000,0.03194561640367902
8,2500,0.030628229121302832
9,5000,0.035028689559520744
