id,result,description
0,1,0.0405452724166791
1,5,0.06672113289760348
2,10,0.08008538568773234
3,25,0.041871885077689824
4,50,0.043074133763094276
5,100,0.04827810904416753
6,250,0.049139385980760675
7,1000,0.05886868370860488
8,2500,0.026236656165160903
9,5000,0.09237350786266904
