id,result,description
0,1,0.0
1,5,0.3050182319459267
2,10,0.20715492277992278
3,25,0.19217003910172858
4,50,0.07421582104473881
5,100,0.10408150969978404
6,250,0.09510752223853527
7,1000,0.12143629505239607
8,2500,0.12189535115152983
9,5000,0.09114350325459238
