id,result,description
0,1,0.03805367800173133
1,5,0.06269171779141104
2,10,0.028076005453306067
3,25,0.052710972269770624
4,50,0.05674563363582471
5,100,0.06002260470249008
6,250,0.06617756737872614
7,1000,0.06921258921677782
8,2500,0.08827065165921763
9,5000,0.09929366141982628
