id,result,description
1,Create 1 Todo, Empty Server,0.09858178417227463
3,Create 1 Todo, 1000 Existing,0.015423785227291008
4,Create 1000 Todo, 1000 Existing,0.12288379359313839
1,Create 1 Todo, Empty Server,0.013852786508786461
