id,result,description
0,1,0.046602547973155876
1,5,0.13703666398066075
2,10,0.0828451642545371
3,25,0.05828438322868139
4,50,0.06727256761503336
5,100,0.047964769277991884
6,250,0.05886318514879856
7,1000,0.050776880478456916
8,2500,0.07703307090901111
9,5000,0.10255656983805492
