id,result,description
2,Modify 100 Todo, Empty Server,0.06220312923265761
4,Modify 1000 Todo, 1000 Existing,0.023212830807567548
1,Modify 1 Todo, Empty Server,0.07567353636690817
3,Modify 1 Todo, 1000 Existing,0.004359840467939895
