id,result,description
0,1,0.0
1,5,0.23175916161349855
2,10,0.10637084355215878
3,25,0.1424609448845962
4,50,0.10768234238200877
5,100,0.16319124041251115
6,250,0.126647412636387
7,1000,0.11310174016224193
8,2500,0.12186974911517903
9,5000,0.09141223624463203
