id,result,description
0,1,0.04005037780778873
1,5,0.06639839034205232
2,10,0.05300145085237577
3,25,0.052997102499094534
4,50,0.05314598223954949
5,100,0.059327695023456015
6,250,0.06159405211601255
7,1000,0.07665424695488963
8,2500,0.09022919577897372
9,5000,0.09959335840171234
